mpg,cylinders,displacement,horsepower,weight,acceleration,model_year,origin,car_name,power_to_weight_ratio
18.0,8,307.0,130.0,3504.0,12.0,70,1,chevrolet chevelle malibu,26.953846153846154
15.0,8,350.0,165.0,3693.0,11.5,70,1,buick skylark 320,22.381818181818183
18.0,8,318.0,150.0,3436.0,11.0,70,1,plymouth satellite,22.906666666666666
16.0,8,304.0,150.0,3433.0,12.0,70,1,amc rebel sst,22.886666666666667
17.0,8,302.0,140.0,3449.0,10.5,70,1,ford torino,24.635714285714286
15.0,8,429.0,198.0,4341.0,10.0,70,1,ford galaxie 500,21.924242424242426
14.0,8,454.0,220.0,4354.0,9.0,70,1,chevrolet impala,19.79090909090909
14.0,8,440.0,215.0,4312.0,8.5,70,1,plymouth fury iii,20.05581395348837
14.0,8,455.0,225.0,4425.0,10.0,70,1,pontiac catalina,19.666666666666668
15.0,8,390.0,190.0,3850.0,8.5,70,1,amc ambassador dpl,20.263157894736842
15.0,8,383.0,170.0,3563.0,10.0,70,1,dodge challenger se,20.958823529411763
14.0,8,340.0,160.0,3609.0,8.0,70,1,plymouth 'cuda 340,22.55625
15.0,8,400.0,150.0,3761.0,9.5,70,1,chevrolet monte carlo,25.073333333333334
14.0,8,455.0,225.0,3086.0,10.0,70,1,buick estate wagon (sw),13.715555555555556
24.0,4,113.0,95.0,2372.0,15.0,70,3,toyota corona mark ii,24.96842105263158
22.0,6,198.0,95.0,2833.0,15.5,70,1,plymouth duster,29.821052631578947
18.0,6,199.0,97.0,2774.0,15.5,70,1,amc hornet,28.5979381443299
21.0,6,200.0,85.0,2587.0,16.0,70,1,ford maverick,30.435294117647057
27.0,4,97.0,88.0,2130.0,14.5,70,3,datsun pl510,24.204545454545453
26.0,4,97.0,46.0,1835.0,20.5,70,2,volkswagen 1131 deluxe sedan,39.891304347826086
25.0,4,110.0,87.0,2672.0,17.5,70,2,peugeot 504,30.71264367816092
24.0,4,107.0,90.0,2430.0,14.5,70,2,audi 100 ls,27.0
25.0,4,104.0,95.0,2375.0,17.5,70,2,saab 99e,25.0
26.0,4,121.0,113.0,2234.0,12.5,70,2,bmw 2002,19.76991150442478
21.0,6,199.0,90.0,2648.0,15.0,70,1,amc gremlin,29.42222222222222
10.0,8,360.0,215.0,4615.0,14.0,70,1,ford f250,21.46511627906977
10.0,8,307.0,200.0,4376.0,15.0,70,1,chevy c20,21.88
11.0,8,318.0,210.0,4382.0,13.5,70,1,dodge d200,20.866666666666667
9.0,8,304.0,193.0,4732.0,18.5,70,1,hi 1200d,24.518134715025905
27.0,4,97.0,88.0,2130.0,14.5,71,3,datsun pl510,24.204545454545453
28.0,4,140.0,90.0,2264.0,15.5,71,1,chevrolet vega 2300,25.155555555555555
25.0,4,113.0,95.0,2228.0,14.0,71,3,toyota corona,23.45263157894737
19.0,6,232.0,100.0,2634.0,13.0,71,1,amc gremlin,26.34
16.0,6,225.0,105.0,3439.0,15.5,71,1,plymouth satellite custom,32.75238095238095
17.0,6,250.0,100.0,3329.0,15.5,71,1,chevrolet chevelle malibu,33.29
19.0,6,250.0,88.0,3302.0,15.5,71,1,ford torino 500,37.52272727272727
18.0,6,232.0,100.0,3288.0,15.5,71,1,amc matador,32.88
14.0,8,350.0,165.0,4209.0,12.0,71,1,chevrolet impala,25.509090909090908
14.0,8,400.0,175.0,4464.0,11.5,71,1,pontiac catalina brougham,25.50857142857143
14.0,8,351.0,153.0,4154.0,13.5,71,1,ford galaxie 500,27.15032679738562
14.0,8,318.0,150.0,4096.0,13.0,71,1,plymouth fury iii,27.30666666666667
12.0,8,383.0,180.0,4955.0,11.5,71,1,dodge monaco (sw),27.52777777777778
13.0,8,400.0,170.0,4746.0,12.0,71,1,ford country squire (sw),27.91764705882353
13.0,8,400.0,175.0,5140.0,12.0,71,1,pontiac safari (sw),29.37142857142857
18.0,6,258.0,110.0,2962.0,13.5,71,1,amc hornet sportabout (sw),26.927272727272726
22.0,4,140.0,72.0,2408.0,19.0,71,1,chevrolet vega (sw),33.44444444444444
19.0,6,250.0,100.0,3282.0,15.0,71,1,pontiac firebird,32.82
18.0,6,250.0,88.0,3139.0,14.5,71,1,ford mustang,35.67045454545455
23.0,4,122.0,86.0,2220.0,14.0,71,1,mercury capri 2000,25.813953488372093
28.0,4,116.0,90.0,2123.0,14.0,71,2,opel 1900,23.58888888888889
30.0,4,79.0,70.0,2074.0,19.5,71,2,peugeot 304,29.62857142857143
30.0,4,88.0,76.0,2065.0,14.5,71,2,fiat 124b,27.17105263157895
31.0,4,71.0,65.0,1773.0,19.0,71,3,toyota corolla 1200,27.276923076923076
35.0,4,72.0,69.0,1613.0,18.0,71,3,datsun 1200,23.3768115942029
27.0,4,97.0,60.0,1834.0,19.0,71,2,volkswagen model 111,30.566666666666666
26.0,4,91.0,70.0,1955.0,20.5,71,1,plymouth cricket,27.928571428571427
24.0,4,113.0,95.0,2278.0,15.5,72,3,toyota corona hardtop,23.978947368421053
25.0,4,97.5,80.0,2126.0,17.0,72,1,dodge colt hardtop,26.575
23.0,4,97.0,54.0,2254.0,23.5,72,2,volkswagen type 3,41.74074074074074
20.0,4,140.0,90.0,2408.0,19.5,72,1,chevrolet vega,26.755555555555556
21.0,4,122.0,86.0,2226.0,16.5,72,1,ford pinto runabout,25.88372093023256
13.0,8,350.0,165.0,4274.0,12.0,72,1,chevrolet impala,25.903030303030302
14.0,8,400.0,175.0,4385.0,12.0,72,1,pontiac catalina,25.057142857142857
15.0,8,318.0,150.0,4135.0,13.5,72,1,plymouth fury iii,27.566666666666666
14.0,8,351.0,153.0,4129.0,13.0,72,1,ford galaxie 500,26.986928104575163
17.0,8,304.0,150.0,3672.0,11.5,72,1,amc ambassador sst,24.48
11.0,8,429.0,208.0,4633.0,11.0,72,1,mercury marquis,22.27403846153846
13.0,8,350.0,155.0,4502.0,13.5,72,1,buick lesabre custom,29.045161290322582
12.0,8,350.0,160.0,4456.0,13.5,72,1,oldsmobile delta 88 royale,27.85
13.0,8,400.0,190.0,4422.0,12.5,72,1,chrysler newport royal,23.273684210526316
19.0,3,70.0,97.0,2330.0,13.5,72,3,mazda rx2 coupe,24.02061855670103
15.0,8,304.0,150.0,3892.0,12.5,72,1,amc matador (sw),25.946666666666665
13.0,8,307.0,130.0,4098.0,14.0,72,1,chevrolet chevelle concours (sw),31.523076923076925
13.0,8,302.0,140.0,4294.0,16.0,72,1,ford gran torino (sw),30.67142857142857
14.0,8,318.0,150.0,4077.0,14.0,72,1,plymouth satellite custom (sw),27.18
18.0,4,121.0,112.0,2933.0,14.5,72,2,volvo 145e (sw),26.1875
22.0,4,121.0,76.0,2511.0,18.0,72,2,volkswagen 411 (sw),33.03947368421053
21.0,4,120.0,87.0,2979.0,19.5,72,2,peugeot 504 (sw),34.241379310344826
26.0,4,96.0,69.0,2189.0,18.0,72,2,renault 12 (sw),31.72463768115942
22.0,4,122.0,86.0,2395.0,16.0,72,1,ford pinto (sw),27.848837209302324
28.0,4,97.0,92.0,2288.0,17.0,72,3,datsun 510 (sw),24.869565217391305
23.0,4,120.0,97.0,2506.0,14.5,72,3,toyouta corona mark ii (sw),25.835051546391753
28.0,4,98.0,80.0,2164.0,15.0,72,1,dodge colt (sw),27.05
27.0,4,97.0,88.0,2100.0,16.5,72,3,toyota corolla 1600 (sw),23.863636363636363
13.0,8,350.0,175.0,4100.0,13.0,73,1,buick century 350,23.428571428571427
14.0,8,304.0,150.0,3672.0,11.5,73,1,amc matador,24.48
13.0,8,350.0,145.0,3988.0,13.0,73,1,chevrolet malibu,27.50344827586207
14.0,8,302.0,137.0,4042.0,14.5,73,1,ford gran torino,29.503649635036496
15.0,8,318.0,150.0,3777.0,12.5,73,1,dodge coronet custom,25.18
12.0,8,429.0,198.0,4952.0,11.5,73,1,mercury marquis brougham,25.01010101010101
13.0,8,400.0,150.0,4464.0,12.0,73,1,chevrolet caprice classic,29.76
13.0,8,351.0,158.0,4363.0,13.0,73,1,ford ltd,27.61392405063291
14.0,8,318.0,150.0,4237.0,14.5,73,1,plymouth fury gran sedan,28.246666666666666
13.0,8,440.0,215.0,4735.0,11.0,73,1,chrysler new yorker brougham,22.023255813953487
12.0,8,455.0,225.0,4951.0,11.0,73,1,buick electra 225 custom,22.004444444444445
13.0,8,360.0,175.0,3821.0,11.0,73,1,amc ambassador brougham,21.834285714285713
18.0,6,225.0,105.0,3121.0,16.5,73,1,plymouth valiant,29.723809523809525
16.0,6,250.0,100.0,3278.0,18.0,73,1,chevrolet nova custom,32.78
18.0,6,232.0,100.0,2945.0,16.0,73,1,amc hornet,29.45
18.0,6,250.0,88.0,3021.0,16.5,73,1,ford maverick,34.32954545454545
23.0,6,198.0,95.0,2904.0,16.0,73,1,plymouth duster,30.568421052631578
26.0,4,97.0,46.0,1950.0,21.0,73,2,volkswagen super beetle,42.391304347826086
11.0,8,400.0,150.0,4997.0,14.0,73,1,chevrolet impala,33.31333333333333
12.0,8,400.0,167.0,4906.0,12.5,73,1,ford country,29.377245508982035
13.0,8,360.0,170.0,4654.0,13.0,73,1,plymouth custom suburb,27.376470588235293
12.0,8,350.0,180.0,4499.0,12.5,73,1,oldsmobile vista cruiser,24.994444444444444
18.0,6,232.0,100.0,2789.0,15.0,73,1,amc gremlin,27.89
20.0,4,97.0,88.0,2279.0,19.0,73,3,toyota carina,25.897727272727273
21.0,4,140.0,72.0,2401.0,19.5,73,1,chevrolet vega,33.34722222222222
22.0,4,108.0,94.0,2379.0,16.5,73,3,datsun 610,25.30851063829787
18.0,3,70.0,90.0,2124.0,13.5,73,3,maxda rx3,23.6
19.0,4,122.0,85.0,2310.0,18.5,73,1,ford pinto,27.176470588235293
21.0,6,155.0,107.0,2472.0,14.0,73,1,mercury capri v6,23.102803738317757
26.0,4,98.0,90.0,2265.0,15.5,73,2,fiat 124 sport coupe,25.166666666666668
15.0,8,350.0,145.0,4082.0,13.0,73,1,chevrolet monte carlo s,28.151724137931033
16.0,8,400.0,230.0,4278.0,9.5,73,1,pontiac grand prix,18.6
29.0,4,68.0,49.0,1867.0,19.5,73,2,fiat 128,38.10204081632653
24.0,4,116.0,75.0,2158.0,15.5,73,2,opel manta,28.773333333333333
20.0,4,114.0,91.0,2582.0,14.0,73,2,audi 100ls,28.373626373626372
19.0,4,121.0,112.0,2868.0,15.5,73,2,volvo 144ea,25.607142857142858
15.0,8,318.0,150.0,3399.0,11.0,73,1,dodge dart custom,22.66
24.0,4,121.0,110.0,2660.0,14.0,73,2,saab 99le,24.181818181818183
20.0,6,156.0,122.0,2807.0,13.5,73,3,toyota mark ii,23.008196721311474
11.0,8,350.0,180.0,3664.0,11.0,73,1,oldsmobile omega,20.355555555555554
20.0,6,198.0,95.0,3102.0,16.5,74,1,plymouth duster,32.65263157894737
19.0,6,232.0,100.0,2901.0,16.0,74,1,amc hornet,29.01
15.0,6,250.0,100.0,3336.0,17.0,74,1,chevrolet nova,33.36
31.0,4,79.0,67.0,1950.0,19.0,74,3,datsun b210,29.104477611940297
26.0,4,122.0,80.0,2451.0,16.5,74,1,ford pinto,30.6375
32.0,4,71.0,65.0,1836.0,21.0,74,3,toyota corolla 1200,28.246153846153845
25.0,4,140.0,75.0,2542.0,17.0,74,1,chevrolet vega,33.89333333333333
16.0,6,250.0,100.0,3781.0,17.0,74,1,chevrolet chevelle malibu classic,37.81
16.0,6,258.0,110.0,3632.0,18.0,74,1,amc matador,33.018181818181816
18.0,6,225.0,105.0,3613.0,16.5,74,1,plymouth satellite sebring,34.40952380952381
16.0,8,302.0,140.0,4141.0,14.0,74,1,ford gran torino,29.57857142857143
13.0,8,350.0,150.0,4699.0,14.5,74,1,buick century luxus (sw),31.326666666666668
14.0,8,318.0,150.0,4457.0,13.5,74,1,dodge coronet custom (sw),29.713333333333335
14.0,8,302.0,140.0,4638.0,16.0,74,1,ford gran torino (sw),33.128571428571426
14.0,8,304.0,150.0,4257.0,15.5,74,1,amc matador (sw),28.38
29.0,4,98.0,83.0,2219.0,16.5,74,2,audi fox,26.734939759036145
26.0,4,79.0,67.0,1963.0,15.5,74,2,volkswagen dasher,29.29850746268657
26.0,4,97.0,78.0,2300.0,14.5,74,2,opel manta,29.487179487179485
31.0,4,76.0,52.0,1649.0,16.5,74,3,toyota corona,31.71153846153846
32.0,4,83.0,61.0,2003.0,19.0,74,3,datsun 710,32.83606557377049
28.0,4,90.0,75.0,2125.0,14.5,74,1,dodge colt,28.333333333333332
24.0,4,90.0,75.0,2108.0,15.5,74,2,fiat 128,28.106666666666666
26.0,4,116.0,75.0,2246.0,14.0,74,2,fiat 124 tc,29.946666666666665
24.0,4,120.0,97.0,2489.0,15.0,74,3,honda civic,25.65979381443299
26.0,4,108.0,93.0,2391.0,15.5,74,3,subaru,25.70967741935484
31.0,4,79.0,67.0,2000.0,16.0,74,2,fiat x1.9,29.850746268656717
19.0,6,225.0,95.0,3264.0,16.0,75,1,plymouth valiant custom,34.357894736842105
18.0,6,250.0,105.0,3459.0,16.0,75,1,chevrolet nova,32.94285714285714
15.0,6,250.0,72.0,3432.0,21.0,75,1,mercury monarch,47.666666666666664
15.0,6,250.0,72.0,3158.0,19.5,75,1,ford maverick,43.861111111111114
16.0,8,400.0,170.0,4668.0,11.5,75,1,pontiac catalina,27.458823529411763
15.0,8,350.0,145.0,4440.0,14.0,75,1,chevrolet bel air,30.620689655172413
16.0,8,318.0,150.0,4498.0,14.5,75,1,plymouth grand fury,29.986666666666668
14.0,8,351.0,148.0,4657.0,13.5,75,1,ford ltd,31.466216216216218
17.0,6,231.0,110.0,3907.0,21.0,75,1,buick century,35.518181818181816
16.0,6,250.0,105.0,3897.0,18.5,75,1,chevroelt chevelle malibu,37.114285714285714
15.0,6,258.0,110.0,3730.0,19.0,75,1,amc matador,33.90909090909091
18.0,6,225.0,95.0,3785.0,19.0,75,1,plymouth fury,39.8421052631579
21.0,6,231.0,110.0,3039.0,15.0,75,1,buick skyhawk,27.62727272727273
20.0,8,262.0,110.0,3221.0,13.5,75,1,chevrolet monza 2+2,29.28181818181818
13.0,8,302.0,129.0,3169.0,12.0,75,1,ford mustang ii,24.565891472868216
29.0,4,97.0,75.0,2171.0,16.0,75,3,toyota corolla,28.946666666666665
23.0,4,140.0,83.0,2639.0,17.0,75,1,ford pinto,31.795180722891565
20.0,6,232.0,100.0,2914.0,16.0,75,1,amc gremlin,29.14
23.0,4,140.0,78.0,2592.0,18.5,75,1,pontiac astro,33.23076923076923
24.0,4,134.0,96.0,2702.0,13.5,75,3,toyota corona,28.145833333333332
25.0,4,90.0,71.0,2223.0,16.5,75,2,volkswagen dasher,31.309859154929576
24.0,4,119.0,97.0,2545.0,17.0,75,3,datsun 710,26.237113402061855
18.0,6,171.0,97.0,2984.0,14.5,75,1,ford pinto,30.762886597938145
29.0,4,90.0,70.0,1937.0,14.0,75,2,volkswagen rabbit,27.67142857142857
19.0,6,232.0,90.0,3211.0,17.0,75,1,amc pacer,35.67777777777778
23.0,4,115.0,95.0,2694.0,15.0,75,2,audi 100ls,28.357894736842105
23.0,4,120.0,88.0,2957.0,17.0,75,2,peugeot 504,33.60227272727273
22.0,4,121.0,98.0,2945.0,14.5,75,2,volvo 244dl,30.051020408163264
25.0,4,121.0,115.0,2671.0,13.5,75,2,saab 99le,23.22608695652174
33.0,4,91.0,53.0,1795.0,17.5,75,3,honda civic cvcc,33.867924528301884
28.0,4,107.0,86.0,2464.0,15.5,76,2,fiat 131,28.651162790697676
25.0,4,116.0,81.0,2220.0,16.9,76,2,opel 1900,27.40740740740741
25.0,4,140.0,92.0,2572.0,14.9,76,1,capri ii,27.956521739130434
26.0,4,98.0,79.0,2255.0,17.7,76,1,dodge colt,28.544303797468356
27.0,4,101.0,83.0,2202.0,15.3,76,2,renault 12tl,26.53012048192771
17.5,8,305.0,140.0,4215.0,13.0,76,1,chevrolet chevelle malibu classic,30.107142857142858
16.0,8,318.0,150.0,4190.0,13.0,76,1,dodge coronet brougham,27.933333333333334
15.5,8,304.0,120.0,3962.0,13.9,76,1,amc matador,33.016666666666666
14.5,8,351.0,152.0,4215.0,12.8,76,1,ford gran torino,27.730263157894736
22.0,6,225.0,100.0,3233.0,15.4,76,1,plymouth valiant,32.33
22.0,6,250.0,105.0,3353.0,14.5,76,1,chevrolet nova,31.933333333333334
24.0,6,200.0,81.0,3012.0,17.6,76,1,ford maverick,37.18518518518518
22.5,6,232.0,90.0,3085.0,17.6,76,1,amc hornet,34.27777777777778
29.0,4,85.0,52.0,2035.0,22.2,76,1,chevrolet chevette,39.13461538461539
24.5,4,98.0,60.0,2164.0,22.1,76,1,chevrolet woody,36.06666666666667
29.0,4,90.0,70.0,1937.0,14.2,76,2,vw rabbit,27.67142857142857
33.0,4,91.0,53.0,1795.0,17.4,76,3,honda civic,33.867924528301884
20.0,6,225.0,100.0,3651.0,17.7,76,1,dodge aspen se,36.51
18.0,6,250.0,78.0,3574.0,21.0,76,1,ford granada ghia,45.82051282051282
18.5,6,250.0,110.0,3645.0,16.2,76,1,pontiac ventura sj,33.13636363636363
17.5,6,258.0,95.0,3193.0,17.8,76,1,amc pacer d/l,33.61052631578947
29.5,4,97.0,71.0,1825.0,12.2,76,2,volkswagen rabbit,25.704225352112676
32.0,4,85.0,70.0,1990.0,17.0,76,3,datsun b-210,28.428571428571427
28.0,4,97.0,75.0,2155.0,16.4,76,3,toyota corolla,28.733333333333334
26.5,4,140.0,72.0,2565.0,13.6,76,1,ford pinto,35.625
20.0,4,130.0,102.0,3150.0,15.7,76,2,volvo 245,30.88235294117647
13.0,8,318.0,150.0,3940.0,13.2,76,1,plymouth volare premier v8,26.266666666666666
19.0,4,120.0,88.0,3270.0,21.9,76,2,peugeot 504,37.15909090909091
19.0,6,156.0,108.0,2930.0,15.5,76,3,toyota mark ii,27.12962962962963
16.5,6,168.0,120.0,3820.0,16.7,76,2,mercedes-benz 280s,31.833333333333332
16.5,8,350.0,180.0,4380.0,12.1,76,1,cadillac seville,24.333333333333332
13.0,8,350.0,145.0,4055.0,12.0,76,1,chevy c10,27.96551724137931
13.0,8,302.0,130.0,3870.0,15.0,76,1,ford f108,29.76923076923077
13.0,8,318.0,150.0,3755.0,14.0,76,1,dodge d100,25.033333333333335
31.5,4,98.0,68.0,2045.0,18.5,77,3,honda accord cvcc,30.073529411764707
30.0,4,111.0,80.0,2155.0,14.8,77,1,buick opel isuzu deluxe,26.9375
36.0,4,79.0,58.0,1825.0,18.6,77,2,renault 5 gtl,31.46551724137931
25.5,4,122.0,96.0,2300.0,15.5,77,1,plymouth arrow gs,23.958333333333332
33.5,4,85.0,70.0,1945.0,16.8,77,3,datsun f-10 hatchback,27.785714285714285
17.5,8,305.0,145.0,3880.0,12.5,77,1,chevrolet caprice classic,26.75862068965517
17.0,8,260.0,110.0,4060.0,19.0,77,1,oldsmobile cutlass supreme,36.90909090909091
15.5,8,318.0,145.0,4140.0,13.7,77,1,dodge monaco brougham,28.551724137931036
15.0,8,302.0,130.0,4295.0,14.9,77,1,mercury cougar brougham,33.03846153846154
17.5,6,250.0,110.0,3520.0,16.4,77,1,chevrolet concours,32.0
20.5,6,231.0,105.0,3425.0,16.9,77,1,buick skylark,32.61904761904762
19.0,6,225.0,100.0,3630.0,17.7,77,1,plymouth volare custom,36.3
18.5,6,250.0,98.0,3525.0,19.0,77,1,ford granada,35.96938775510204
16.0,8,400.0,180.0,4220.0,11.1,77,1,pontiac grand prix lj,23.444444444444443
15.5,8,350.0,170.0,4165.0,11.4,77,1,chevrolet monte carlo landau,24.5
15.5,8,400.0,190.0,4325.0,12.2,77,1,chrysler cordoba,22.763157894736842
16.0,8,351.0,149.0,4335.0,14.5,77,1,ford thunderbird,29.093959731543624
29.0,4,97.0,78.0,1940.0,14.5,77,2,volkswagen rabbit custom,24.871794871794872
24.5,4,151.0,88.0,2740.0,16.0,77,1,pontiac sunbird coupe,31.136363636363637
26.0,4,97.0,75.0,2265.0,18.2,77,3,toyota corolla liftback,30.2
25.5,4,140.0,89.0,2755.0,15.8,77,1,ford mustang ii 2+2,30.95505617977528
30.5,4,98.0,63.0,2051.0,17.0,77,1,chevrolet chevette,32.55555555555556
33.5,4,98.0,83.0,2075.0,15.9,77,1,dodge colt m/m,25.0
30.0,4,97.0,67.0,1985.0,16.4,77,3,subaru dl,29.62686567164179
30.5,4,97.0,78.0,2190.0,14.1,77,2,volkswagen dasher,28.076923076923077
22.0,6,146.0,97.0,2815.0,14.5,77,3,datsun 810,29.02061855670103
21.5,4,121.0,110.0,2600.0,12.8,77,2,bmw 320i,23.636363636363637
21.5,3,80.0,110.0,2720.0,13.5,77,3,mazda rx-4,24.727272727272727
43.1,4,90.0,48.0,1985.0,21.5,78,2,volkswagen rabbit custom diesel,41.354166666666664
36.1,4,98.0,66.0,1800.0,14.4,78,1,ford fiesta,27.272727272727273
32.8,4,78.0,52.0,1985.0,19.4,78,3,mazda glc deluxe,38.17307692307692
39.4,4,85.0,70.0,2070.0,18.6,78,3,datsun b210 gx,29.571428571428573
36.1,4,91.0,60.0,1800.0,16.4,78,3,honda civic cvcc,30.0
19.9,8,260.0,110.0,3365.0,15.5,78,1,oldsmobile cutlass salon brougham,30.59090909090909
19.4,8,318.0,140.0,3735.0,13.2,78,1,dodge diplomat,26.678571428571427
20.2,8,302.0,139.0,3570.0,12.8,78,1,mercury monarch ghia,25.68345323741007
19.2,6,231.0,105.0,3535.0,19.2,78,1,pontiac phoenix lj,33.666666666666664
20.5,6,200.0,95.0,3155.0,18.2,78,1,chevrolet malibu,33.21052631578947
20.2,6,200.0,85.0,2965.0,15.8,78,1,ford fairmont (auto),34.88235294117647
25.1,4,140.0,88.0,2720.0,15.4,78,1,ford fairmont (man),30.90909090909091
20.5,6,225.0,100.0,3430.0,17.2,78,1,plymouth volare,34.3
19.4,6,232.0,90.0,3210.0,17.2,78,1,amc concord,35.666666666666664
20.6,6,231.0,105.0,3380.0,15.8,78,1,buick century special,32.19047619047619
20.8,6,200.0,85.0,3070.0,16.7,78,1,mercury zephyr,36.11764705882353
18.6,6,225.0,110.0,3620.0,18.7,78,1,dodge aspen,32.90909090909091
18.1,6,258.0,120.0,3410.0,15.1,78,1,amc concord d/l,28.416666666666668
19.2,8,305.0,145.0,3425.0,13.2,78,1,chevrolet monte carlo landau,23.620689655172413
17.7,6,231.0,165.0,3445.0,13.4,78,1,buick regal sport coupe (turbo),20.87878787878788
18.1,8,302.0,139.0,3205.0,11.2,78,1,ford futura,23.057553956834532
17.5,8,318.0,140.0,4080.0,13.7,78,1,dodge magnum xe,29.142857142857142
30.0,4,98.0,68.0,2155.0,16.5,78,1,chevrolet chevette,31.691176470588236
27.5,4,134.0,95.0,2560.0,14.2,78,3,toyota corona,26.94736842105263
27.2,4,119.0,97.0,2300.0,14.7,78,3,datsun 510,23.711340206185568
30.9,4,105.0,75.0,2230.0,14.5,78,1,dodge omni,29.733333333333334
21.1,4,134.0,95.0,2515.0,14.8,78,3,toyota celica gt liftback,26.473684210526315
23.2,4,156.0,105.0,2745.0,16.7,78,1,plymouth sapporo,26.142857142857142
23.8,4,151.0,85.0,2855.0,17.6,78,1,oldsmobile starfire sx,33.588235294117645
23.9,4,119.0,97.0,2405.0,14.9,78,3,datsun 200-sx,24.79381443298969
20.3,5,131.0,103.0,2830.0,15.9,78,2,audi 5000,27.475728155339805
17.0,6,163.0,125.0,3140.0,13.6,78,2,volvo 264gl,25.12
21.6,4,121.0,115.0,2795.0,15.7,78,2,saab 99gle,24.304347826086957
16.2,6,163.0,133.0,3410.0,15.8,78,2,peugeot 604sl,25.639097744360903
31.5,4,89.0,71.0,1990.0,14.9,78,2,volkswagen scirocco,28.028169014084508
29.5,4,98.0,68.0,2135.0,16.6,78,3,honda accord lx,31.397058823529413
21.5,6,231.0,115.0,3245.0,15.4,79,1,pontiac lemans v6,28.217391304347824
19.8,6,200.0,85.0,2990.0,18.2,79,1,mercury zephyr 6,35.1764705882353
22.3,4,140.0,88.0,2890.0,17.3,79,1,ford fairmont 4,32.84090909090909
20.2,6,232.0,90.0,3265.0,18.2,79,1,amc concord dl 6,36.27777777777778
20.6,6,225.0,110.0,3360.0,16.6,79,1,dodge aspen 6,30.545454545454547
17.0,8,305.0,130.0,3840.0,15.4,79,1,chevrolet caprice classic,29.53846153846154
17.6,8,302.0,129.0,3725.0,13.4,79,1,ford ltd landau,28.875968992248062
16.5,8,351.0,138.0,3955.0,13.2,79,1,mercury grand marquis,28.659420289855074
18.2,8,318.0,135.0,3830.0,15.2,79,1,dodge st. regis,28.37037037037037
16.9,8,350.0,155.0,4360.0,14.9,79,1,buick estate wagon (sw),28.129032258064516
15.5,8,351.0,142.0,4054.0,14.3,79,1,ford country squire (sw),28.549295774647888
19.2,8,267.0,125.0,3605.0,15.0,79,1,chevrolet malibu classic (sw),28.84
18.5,8,360.0,150.0,3940.0,13.0,79,1,chrysler lebaron town @ country (sw),26.266666666666666
31.9,4,89.0,71.0,1925.0,14.0,79,2,vw rabbit custom,27.112676056338028
34.1,4,86.0,65.0,1975.0,15.2,79,3,maxda glc deluxe,30.384615384615383
35.7,4,98.0,80.0,1915.0,14.4,79,1,dodge colt hatchback custom,23.9375
27.4,4,121.0,80.0,2670.0,15.0,79,1,amc spirit dl,33.375
25.4,5,183.0,77.0,3530.0,20.1,79,2,mercedes benz 300d,45.84415584415584
23.0,8,350.0,125.0,3900.0,17.4,79,1,cadillac eldorado,31.2
27.2,4,141.0,71.0,3190.0,24.8,79,2,peugeot 504,44.929577464788736
23.9,8,260.0,90.0,3420.0,22.2,79,1,oldsmobile cutlass salon brougham,38.0
34.2,4,105.0,70.0,2200.0,13.2,79,1,plymouth horizon,31.428571428571427
34.5,4,105.0,70.0,2150.0,14.9,79,1,plymouth horizon tc3,30.714285714285715
31.8,4,85.0,65.0,2020.0,19.2,79,3,datsun 210,31.076923076923077
37.3,4,91.0,69.0,2130.0,14.7,79,2,fiat strada custom,30.869565217391305
28.4,4,151.0,90.0,2670.0,16.0,79,1,buick skylark limited,29.666666666666668
28.8,6,173.0,115.0,2595.0,11.3,79,1,chevrolet citation,22.565217391304348
26.8,6,173.0,115.0,2700.0,12.9,79,1,oldsmobile omega brougham,23.47826086956522
33.5,4,151.0,90.0,2556.0,13.2,79,1,pontiac phoenix,28.4
41.5,4,98.0,76.0,2144.0,14.7,80,2,vw rabbit,28.210526315789473
38.1,4,89.0,60.0,1968.0,18.8,80,3,toyota corolla tercel,32.8
32.1,4,98.0,70.0,2120.0,15.5,80,1,chevrolet chevette,30.285714285714285
37.2,4,86.0,65.0,2019.0,16.4,80,3,datsun 310,31.06153846153846
28.0,4,151.0,90.0,2678.0,16.5,80,1,chevrolet citation,29.755555555555556
26.4,4,140.0,88.0,2870.0,18.1,80,1,ford fairmont,32.61363636363637
24.3,4,151.0,90.0,3003.0,20.1,80,1,amc concord,33.36666666666667
19.1,6,225.0,90.0,3381.0,18.7,80,1,dodge aspen,37.56666666666667
34.3,4,97.0,78.0,2188.0,15.8,80,2,audi 4000,28.05128205128205
29.8,4,134.0,90.0,2711.0,15.5,80,3,toyota corona liftback,30.122222222222224
31.3,4,120.0,75.0,2542.0,17.5,80,3,mazda 626,33.89333333333333
37.0,4,119.0,92.0,2434.0,15.0,80,3,datsun 510 hatchback,26.456521739130434
32.2,4,108.0,75.0,2265.0,15.2,80,3,toyota corolla,30.2
46.6,4,86.0,65.0,2110.0,17.9,80,3,mazda glc,32.46153846153846
27.9,4,156.0,105.0,2800.0,14.4,80,1,dodge colt,26.666666666666668
40.8,4,85.0,65.0,2110.0,19.2,80,3,datsun 210,32.46153846153846
44.3,4,90.0,48.0,2085.0,21.7,80,2,vw rabbit c (diesel),43.4375
43.4,4,90.0,48.0,2335.0,23.7,80,2,vw dasher (diesel),48.645833333333336
36.4,5,121.0,67.0,2950.0,19.9,80,2,audi 5000s (diesel),44.02985074626866
30.0,4,146.0,67.0,3250.0,21.8,80,2,mercedes-benz 240d,48.507462686567166
44.6,4,91.0,67.0,1850.0,13.8,80,3,honda civic 1500 gl,27.611940298507463
33.8,4,97.0,67.0,2145.0,18.0,80,3,subaru dl,32.014925373134325
29.8,4,89.0,62.0,1845.0,15.3,80,2,vokswagen rabbit,29.758064516129032
32.7,6,168.0,132.0,2910.0,11.4,80,3,datsun 280-zx,22.045454545454547
23.7,3,70.0,100.0,2420.0,12.5,80,3,mazda rx-7 gs,24.2
35.0,4,122.0,88.0,2500.0,15.1,80,2,triumph tr7 coupe,28.40909090909091
32.4,4,107.0,72.0,2290.0,17.0,80,3,honda accord,31.805555555555557
27.2,4,135.0,84.0,2490.0,15.7,81,1,plymouth reliant,29.642857142857142
26.6,4,151.0,84.0,2635.0,16.4,81,1,buick skylark,31.36904761904762
25.8,4,156.0,92.0,2620.0,14.4,81,1,dodge aries wagon (sw),28.47826086956522
23.5,6,173.0,110.0,2725.0,12.6,81,1,chevrolet citation,24.772727272727273
30.0,4,135.0,84.0,2385.0,12.9,81,1,plymouth reliant,28.392857142857142
39.1,4,79.0,58.0,1755.0,16.9,81,3,toyota starlet,30.25862068965517
39.0,4,86.0,64.0,1875.0,16.4,81,1,plymouth champ,29.296875
35.1,4,81.0,60.0,1760.0,16.1,81,3,honda civic 1300,29.333333333333332
32.3,4,97.0,67.0,2065.0,17.8,81,3,subaru,30.82089552238806
37.0,4,85.0,65.0,1975.0,19.4,81,3,datsun 210 mpg,30.384615384615383
37.7,4,89.0,62.0,2050.0,17.3,81,3,toyota tercel,33.064516129032256
34.1,4,91.0,68.0,1985.0,16.0,81,3,mazda glc 4,29.191176470588236
34.7,4,105.0,63.0,2215.0,14.9,81,1,plymouth horizon 4,35.15873015873016
34.4,4,98.0,65.0,2045.0,16.2,81,1,ford escort 4w,31.46153846153846
29.9,4,98.0,65.0,2380.0,20.7,81,1,ford escort 2h,36.61538461538461
33.0,4,105.0,74.0,2190.0,14.2,81,2,volkswagen jetta,29.594594594594593
33.7,4,107.0,75.0,2210.0,14.4,81,3,honda prelude,29.466666666666665
32.4,4,108.0,75.0,2350.0,16.8,81,3,toyota corolla,31.333333333333332
32.9,4,119.0,100.0,2615.0,14.8,81,3,datsun 200sx,26.15
31.6,4,120.0,74.0,2635.0,18.3,81,3,mazda 626,35.608108108108105
28.1,4,141.0,80.0,3230.0,20.4,81,2,peugeot 505s turbo diesel,40.375
30.7,6,145.0,76.0,3160.0,19.6,81,2,volvo diesel,41.578947368421055
25.4,6,168.0,116.0,2900.0,12.6,81,3,toyota cressida,25.0
24.2,6,146.0,120.0,2930.0,13.8,81,3,datsun 810 maxima,24.416666666666668
22.4,6,231.0,110.0,3415.0,15.8,81,1,buick century,31.045454545454547
26.6,8,350.0,105.0,3725.0,19.0,81,1,oldsmobile cutlass ls,35.476190476190474
20.2,6,200.0,88.0,3060.0,17.1,81,1,ford granada gl,34.77272727272727
17.6,6,225.0,85.0,3465.0,16.6,81,1,chrysler lebaron salon,40.76470588235294
28.0,4,112.0,88.0,2605.0,19.6,82,1,chevrolet cavalier,29.602272727272727
27.0,4,112.0,88.0,2640.0,18.6,82,1,chevrolet cavalier wagon,30.0
34.0,4,112.0,88.0,2395.0,18.0,82,1,chevrolet cavalier 2-door,27.21590909090909
31.0,4,112.0,85.0,2575.0,16.2,82,1,pontiac j2000 se hatchback,30.294117647058822
29.0,4,135.0,84.0,2525.0,16.0,82,1,dodge aries se,30.05952380952381
27.0,4,151.0,90.0,2735.0,18.0,82,1,pontiac phoenix,30.38888888888889
24.0,4,140.0,92.0,2865.0,16.4,82,1,ford fairmont futura,31.141304347826086
36.0,4,105.0,74.0,1980.0,15.3,82,2,volkswagen rabbit l,26.756756756756758
37.0,4,91.0,68.0,2025.0,18.2,82,3,mazda glc custom l,29.779411764705884
31.0,4,91.0,68.0,1970.0,17.6,82,3,mazda glc custom,28.970588235294116
38.0,4,105.0,63.0,2125.0,14.7,82,1,plymouth horizon miser,33.73015873015873
36.0,4,98.0,70.0,2125.0,17.3,82,1,mercury lynx l,30.357142857142858
36.0,4,120.0,88.0,2160.0,14.5,82,3,nissan stanza xe,24.545454545454547
36.0,4,107.0,75.0,2205.0,14.5,82,3,honda accord,29.4
34.0,4,108.0,70.0,2245.0,16.9,82,3,toyota corolla,32.07142857142857
38.0,4,91.0,67.0,1965.0,15.0,82,3,honda civic,29.328358208955223
32.0,4,91.0,67.0,1965.0,15.7,82,3,honda civic (auto),29.328358208955223
38.0,4,91.0,67.0,1995.0,16.2,82,3,datsun 310 gx,29.776119402985074
25.0,6,181.0,110.0,2945.0,16.4,82,1,buick century limited,26.772727272727273
38.0,6,262.0,85.0,3015.0,17.0,82,1,oldsmobile cutlass ciera (diesel),35.470588235294116
26.0,4,156.0,92.0,2585.0,14.5,82,1,chrysler lebaron medallion,28.097826086956523
22.0,6,232.0,112.0,2835.0,14.7,82,1,ford granada l,25.3125
32.0,4,144.0,96.0,2665.0,13.9,82,3,toyota celica gt,27.760416666666668
36.0,4,135.0,84.0,2370.0,13.0,82,1,dodge charger 2.2,28.214285714285715
27.0,4,151.0,90.0,2950.0,17.3,82,1,chevrolet camaro,32.77777777777778
27.0,4,140.0,86.0,2790.0,15.6,82,1,ford mustang gl,32.44186046511628
44.0,4,97.0,52.0,2130.0,24.6,82,2,vw pickup,40.96153846153846
32.0,4,135.0,84.0,2295.0,11.6,82,1,dodge rampage,27.321428571428573
28.0,4,120.0,79.0,2625.0,18.6,82,1,ford ranger,33.22784810126582
31.0,4,119.0,82.0,2720.0,19.4,82,1,chevy s-10,33.170731707317074
